id,x,y
8047,99.67519,104.71119
15269,99.69547,104.66721
10483,99.67591,104.696815
