id,x,y
6841,-40.64119,7.889119
16929,-40.612095,7.8858275
1220,-40.65107,7.8895345
