id,x,y
1668,-39.522915,-59.956955
4183,-37.02483,-59.40523
10681,-40.03751,-59.649143
1682,-40.130333,-59.500164
14855,-40.17025,-59.4903
6992,-39.825478,-61.422684
5686,-37.969193,-59.69739
13858,-37.152637,-59.445568
14853,-39.46859,-60.33571
14854,-39.489883,-60.24647
10593,-39.601357,-60.47008
7996,-37.10741,-59.431664
2056,-39.58015,-60.446304
